letter_id,blinded_text,identity_leakage_flag
LTR_001,"[Your Department/University Letterhead]
[Date]

Admissions Committee
National Young Authors Summer Institute
[Institute Address - if known, otherwise omit]

**Subject: Letter of Recommendation for [CANDIDATE]**

Dear Admissions Committee,

It is with genuine enthusiasm that I recommend [CANDIDATE] for participation in the National Young Authors Summer Institute. Based on their demonstrated writing talent, intellectual curiosity, and commitment to journalistic integrity, I believe they would be a valuable addition to your program and will significantly benefit from the experience you offer.

I have had the pleasure of knowing [CANDIDATE] as their academic advisor at [Your Institution Name]. During this time, they have consistently impressed me with their dedication and abilities. Notably, [CANDIDATE] served as Editor-in-Chief of our school newspaper for a full year, overseeing the production and publication of twelve issues. This role demonstrates significant leadership skills, responsibility, and an understanding of journalistic processes – from content creation to editorial oversight.  Furthermore, [CANDIDATE]’s writing prowess was formally recognized when they won First Place in the National Scholastic Writing Awards, a testament to their talent and creativity.

Beyond their involvement with the newspaper, [CANDIDATE] maintains an outstanding academic record, evidenced by their 4.0 cumulative GPA. Their performance has",False
LTR_002,"[Your Name]
[Your Title]
[Department of [Department Name]]
[University/School Name]
[Email Address]
[Phone Number]
[Date]

Admissions Committee
National Young Authors Summer Institute
[Institute Address]

**Subject: Letter of Recommendation for [CANDIDATE]**

Dear Admissions Committee,

It is with genuine enthusiasm that I recommend [CANDIDATE] for admission to the National Young Authors Summer Institute. Based on my observations and interactions with them over the past [Number - e.g., two] years as their academic advisor at [School Name], I am confident they possesses a significant talent for writing and a keen intellectual curiosity that would make them an invaluable addition to your program.

During their time here, [CANDIDATE] has consistently demonstrated exceptional dedication and achievement. They served as Editor-in-Chief of our school newspaper, *[Newspaper Name]*, where they oversaw the production and publication of twelve issues. This leadership role required not only strong writing skills but also considerable organizational abilities and a commitment to fostering collaboration within their team – qualities which they consistently exhibited. Furthermore, [CANDIDATE]’s talent was recognized at the National Scholastic Writing Awards, where they earned First Place recognition for their [Specify",False
LTR_003,"[Your Name]
[Your Title]
[Department]
[University/School Name]
[Email Address]
[Phone Number]
[Date]

Admissions Committee
National Young Authors Summer Institute
[Institute Address - if known, otherwise omit]

**Subject: Letter of Recommendation for [CANDIDATE]**

Dear Admissions Committee,

It is with great pleasure and without reservation that I recommend [CANDIDATE] for participation in the National Young Authors Summer Institute. Their demonstrated writing talent, coupled with their intellectual curiosity and dedication to honing their craft, makes them an exceptionally well-suited candidate for this prestigious program.

I have had the opportunity to observe [CANDIDATE]'s academic performance and extracurricular involvement over the past [Number] years/semesters as their [Your Role - e.g., Academic Advisor, English Teacher]. They has consistently impressed me with their commitment to excellence across a range of disciplines.  Their outstanding academic record is evidenced by their unwavering 4.0 cumulative GPA, particularly notable given their strong performance in challenging Advanced Placement humanities courses.

Beyond the classroom, [CANDIDATE] has actively sought opportunities to develop and showcase their writing abilities. As Editor-in-Chief of our school newspaper, they led a team in producing",False
LTR_004,"Okay, here's a draft of a recommendation letter adhering to your strict requirements. I’ve focused on clarity, accuracy based solely on the provided information, and a professional tone suitable for an academic advisor writing an official letter.  **Please read the IMPORTANT NOTES at the very end after the letter – they are crucial for ensuring this is used appropriately.**

---

[Your Department Letterhead - University/College Name]
[Date]

[Hiring Manager Name (if known), or ""Hiring Committee""]
[Company Name]
[Company Address]

**Subject: Letter of Recommendation for [CANDIDATE]**

Dear [Hiring Manager/Committee],

It is with genuine enthusiasm that I recommend [CANDIDATE] for a competitive summer technology internship at your organization. Based on their academic performance and demonstrated initiative, I believe they possesses the foundational skills and drive to make significant contributions to your team.

I have known [CANDIDATE] in my capacity as an Academic Advisor within the [Your Department Name] department at [University/College Name]. During this time, they has consistently impressed me with their dedication to their studies and their proactive approach to learning. They has successfully completed two Computer Science courses, achieving an 'A' grade in each.",False
LTR_005,"To Whom It May Concern,

I am writing to recommend [CANDIDATE] for your competitive summer technology internship program. Based on their academic performance and demonstrated skills, I believe they possess a strong foundation for success in this type of role. [CANDIDATE] has consistently excelled in their computer science coursework, achieving an ‘A’ grade in two courses to date. This demonstrates a clear aptitude for the technical concepts central to software development and problem-solving within a technological context. 

Beyond classroom performance, [CANDIDATE] has actively applied their knowledge through practical projects. Notably, they independently developed a web application designed to track book inventory for our local library – showcasing initiative, design capabilities, and an ability to translate theoretical understanding into functional code. Their overall academic record reflects this dedication, maintaining a commendable 3.6 cumulative GPA.

Finally, [CANDIDATE]’s commitment extends beyond their own learning; they generously volunteered thirty hours tutoring peers in Python programming. This experience highlights not only their strong grasp of the subject matter but also an ability to communicate complex concepts effectively and mentor others – qualities that are valuable assets in collaborative work environments. I am confident that [CANDIDATE] would be a valuable contributor to your program.",False
LTR_006,"To Whom It May Concern,

I am writing to enthusiastically recommend [CANDIDATE] for the National Young Authors Summer Institute. Their demonstrated commitment to and talent in writing are exceptionally strong. As Editor-in-Chief of our school newspaper, they oversaw the production of twelve issues, a significant responsibility requiring both organizational skills and editorial judgment. Further highlighting them abilities, [CANDIDATE] was recognized with First Place honors in the prestigious National Scholastic Writing Awards, a testament to the quality and creativity of them work.

Beyond them journalistic endeavors, [CANDIDATE] maintains an outstanding academic record, evidenced by them 4.0 cumulative GPA and consistently high scores in Advanced Placement humanities courses. This demonstrates not only intellectual rigor but also a capacity for critical thinking and nuanced understanding – skills vital for any aspiring writer. Their dedication extends beyond the classroom; they recently completed an internship at our local historical society where they meticulously cataloged archival letters, showcasing them attention to detail and appreciation for narrative history.

In conclusion, [CANDIDATE] possesses a compelling combination of writing talent, leadership qualities, academic excellence, and a genuine interest in preserving and understanding stories. I am confident that they would be a valuable participant in the National Young Authors Summer Institute and would greatly benefit from the program's opportunities.",False
LTR_007,"To Whom It May Concern,

I am writing to recommend [CANDIDATE] for your competitive summer technology internship program. Based on their academic record and demonstrated technical abilities, I believe they possess the foundational skills and initiative necessary to thrive in a challenging professional environment. [CANDIDATE] has successfully completed two computer science courses, achieving an A grade in each, demonstrating a strong grasp of core concepts. Furthermore, they have taken it upon themselves to apply this knowledge by independently developing a web application for local library book tracking – a project showcasing both their programming proficiency and problem-solving capabilities.

Beyond their coursework, [CANDIDATE]’s commitment extends to supporting others within the learning community. They generously volunteered 30 hours tutoring peer students in Python, indicating not only a solid understanding of the language but also an aptitude for clear communication and instruction. This experience highlights their ability to explain complex technical concepts effectively, a valuable asset in collaborative team settings often found in technology roles. Their overall academic performance is further evidenced by a cumulative GPA of 3.6, reflecting consistent dedication and achievement across all areas of study.

In conclusion, [CANDIDATE] presents a compelling profile for your internship program. They possess a strong academic foundation in computer science, practical application experience through their web application project, and a proven commitment",False
LTR_008,"[Your Name]
[Your Title]
[Department of Computer Science/Relevant Department]
[University Name]
[Email Address]
[Phone Number]
[Date]

[Hiring Manager Name (if known), or ""Hiring Committee""]
[Company Name]
[Company Address]

**Subject: Letter of Recommendation for [CANDIDATE] – Summer Technology Internship**

Dear [Hiring Manager/Committee],

It is with considerable enthusiasm that I recommend [CANDIDATE] for a competitive summer technology internship at your organization. Based on my observations as their academic advisor, [CANDIDATE] demonstrates the aptitude and dedication necessary to thrive in a challenging technical environment.

I have had the pleasure of advising [CANDIDATE] during their time at [University Name]. They has consistently impressed me with their strong work ethic and genuine interest in computer science principles. Specifically, they has successfully completed two Computer Science courses, achieving an ""A"" grade in both – demonstrating a clear grasp of foundational concepts and excellent analytical skills.

Beyond coursework, [CANDIDATE] has taken initiative to apply their knowledge practically. They independently developed a web application designed for tracking book inventory at our local library. This project showcases not only their programming abilities but also their capacity for problem-solving and",False
LTR_009,"[Your Department Letterhead]
[Date]

To Whom It May Concern,

It is with genuine enthusiasm that I recommend [CANDIDATE] [Last Name – *Please insert last name here*], they/them, for a competitive summer technology internship. Based on their demonstrated academic performance and practical skills, I am confident they possess the aptitude and drive to excel in such an opportunity.

I have known [CANDIDATE] as their academic advisor in the Computer Science department at [University Name] for [Duration - e.g., the past year]. During this time, they have consistently impressed me with their dedication and understanding of complex technical concepts. Specifically, [CANDIDATE] has completed two computer science courses – [Course 1 Name] and [Course 2 Name] – both of which they successfully completed with an A grade. This demonstrates a strong grasp of fundamental principles.

Beyond coursework, [CANDIDATE] proactively applied their knowledge by independently developing a web application designed to track book inventory for our local library. This project showcases their ability to translate theoretical understanding into practical solutions and highlights initiative and problem-solving skills.  Maintaining a 3.6 cumulative GPA across all courses further underscores [CANDIDATE]’s commitment to academic excellence. Furthermore, they have generously contributed to the learning environment by volunteering",False
LTR_010,"To Whom It May Concern,

I am writing to enthusiastically recommend [CANDIDATE] for the National Young Authors Summer Institute. They have consistently demonstrated exceptional talent and dedication in their academic pursuits and extracurricular activities. As Editor-in-Chief of our school newspaper, [CANDIDATE] successfully oversaw the publication of twelve issues, showcasing strong leadership skills and a keen eye for detail and quality content. Furthermore, their accomplishment of winning First Place in the National Scholastic Writing Awards speaks volumes about their creative writing abilities and mastery of craft.

Beyond their demonstrated aptitude in writing and editing, [CANDIDATE] maintains an impressive academic record, evidenced by their 4.0 cumulative GPA and particularly strong performance in Advanced Placement humanities courses. This demonstrates a capacity for rigorous study and a profound engagement with complex ideas – qualities that will undoubtedly benefit them within the intensive learning environment of your program. Their commitment to intellectual curiosity extends beyond the classroom as well; [CANDIDATE]’s internship at our local historical society, where they cataloged archival letters, reveals a dedication to research and preservation of history.

In summary, [CANDIDATE] possesses a rare combination of exceptional writing talent, strong academic achievement, leadership experience, and a demonstrable passion for learning. I am confident that they would be an invaluable addition to the",False
LTR_011,"[Your Department/University Letterhead]
[Date]

To Whom It May Concern,

It is with considerable enthusiasm that I recommend [CANDIDATE] for a competitive summer technology internship. Based on them demonstrated academic performance and practical skills, I believe they possesses the aptitude and drive to make significant contributions to your program.

I have known [CANDIDATE] as them academic advisor in the Computer Science department at [University Name]. They has consistently impressed me with them dedication and understanding of core computer science principles. Specifically, [CANDIDATE] successfully completed two demanding computer science courses, achieving an 'A' grade in both. This demonstrates not only a strong grasp of fundamental concepts but also a commitment to rigorous study and problem-solving.

Beyond the classroom, [CANDIDATE] has actively sought opportunities to apply them skills. They independently developed a web application designed for book tracking at our local library, showcasing them ability to translate theoretical knowledge into practical solutions.  Their cumulative GPA stands at an impressive 3.6, reflecting consistent academic excellence across all them coursework. Recognizing them strengths in programming, [CANDIDATE] also generously volunteered thirty hours of them time tutoring them peers in Python, indicating a desire to share them knowledge and a capacity for effective communication – skills crucial in any collaborative technical environment.",False
LTR_012,"To Whom It May Concern,

I am writing to recommend [CANDIDATE] for your competitive summer technology internship program. [CANDIDATE] is a highly motivated and capable student who has demonstrated significant aptitude in computer science. They have successfully completed two Computer Science courses, achieving an A grade in each, showcasing a strong grasp of fundamental concepts. Beyond coursework, [CANDIDATE] proactively applied their knowledge by developing a web application designed to track book inventory for our local library – a testament to their ability to translate theoretical understanding into practical solutions.

[CANDIDATE]’s academic record further reinforces their potential. They maintain a commendable 3.6 cumulative GPA, demonstrating consistent dedication and commitment to their studies. Notably, they have also dedicated considerable time outside of formal coursework to supporting their peers; [CANDIDATE] volunteered over 30 hours tutoring fellow students in Python programming. This experience highlights not only their proficiency in the language but also their ability to effectively communicate technical concepts and mentor others – a valuable asset in any collaborative environment.

Based on their academic achievements, project development skills, and demonstrated commitment to peer support, I am confident that [CANDIDATE] possesses the qualities necessary to thrive in your internship program. They are clearly a promising candidate with the potential to make significant contributions. I wholeheartedly recommend them for this opportunity.",False
LTR_013,"To Whom It May Concern,

I am pleased to recommend [CANDIDATE] for your competitive summer technology internship program. Based on them academic record and demonstrated skills, they presents as a highly promising candidate. [CANDIDATE] has successfully completed two computer science courses, achieving an excellent grade of A in each. This demonstrates a strong foundation in core programming principles and a clear aptitude for the subject matter. Their commitment to excellence is further evidenced by them consistent 3.6 cumulative GPA across all coursework.

Beyond them academic achievements, [CANDIDATE] possesses practical application skills. They independently developed a web application designed to track books at our local library, showcasing initiative and an ability to translate theoretical knowledge into functional software solutions. This project highlights not only technical proficiency but also problem-solving capabilities and a drive to create useful tools. 

Finally, [CANDIDATE]’s commitment extends beyond them own learning; they has generously volunteered 30 hours tutoring them peers in Python programming. This experience demonstrates strong communication skills, the ability to explain complex concepts clearly, and a genuine desire to support others – qualities that will undoubtedly contribute positively to any team environment. I am confident that [CANDIDATE] would be a valuable asset to your internship program.",False
LTR_014,"To Whom It May Concern,

I am pleased to recommend [CANDIDATE] for the National Young Authors Summer Institute. They has consistently demonstrated exceptional writing ability and a strong commitment to literary pursuits during their time in school. As Editor-in-Chief of our school newspaper, they oversaw the production of twelve issues, demonstrating leadership, organizational skills, and an understanding of journalistic principles. Furthermore, their recent first-place award in the National Scholastic Writing Awards is a testament to their talent and creative potential as a writer.

Beyond their writing achievements, [CANDIDATE] possesses a remarkable academic record. They maintains a perfect 4.0 cumulative GPA, excelling particularly in advanced humanities courses. This intellectual rigor suggests an ability to analyze complex ideas and articulate them with precision – qualities that will undoubtedly benefit them within the demanding environment of your institute. Their internship at our local historical society, where they cataloged archival letters, further highlights their dedication to language and its preservation.

Given their proven writing skills, academic excellence, and demonstrated commitment to engaging with history through textual analysis, I am confident that [CANDIDATE] would be a valuable participant in the National Young Authors Summer Institute. They possesses both the talent and work ethic necessary to thrive in this challenging program and contribute meaningfully to the",False
LTR_015,"[Your Name]
[Your Title]
[Department]
[University/School Name]
[Email Address]
[Phone Number]
[Date]

Admissions Committee
National Young Authors Summer Institute
[Institute Address - if known, otherwise omit]

**Subject: Letter of Recommendation for [CANDIDATE]**

Dear Admissions Committee,

It is with great pleasure and without reservation that I recommend [CANDIDATE] for participation in the National Young Authors Summer Institute. Their exceptional writing talent, demonstrated leadership abilities, and intellectual curiosity make them an ideal candidate for this prestigious program.

I have known [CANDIDATE] as them academic advisor at [University/School Name] for [Duration - e.g., two years]. During that time, they has consistently impressed me with them dedication to excellence in all areas of them academic pursuits.  Their commitment is particularly evident through them significant contributions to our school newspaper. As Editor-in-Chief, [CANDIDATE] oversaw the production and publication of twelve issues, demonstrating exceptional organizational skills, editorial judgment, and a keen understanding of journalistic principles. 

Beyond them leadership role, [CANDIDATE] possesses remarkable creative writing abilities. This was recently recognized with them First Place award in the National Scholastic Writing Awards – a testament",False
LTR_016,"To Whom It May Concern,

I am writing to enthusiastically recommend [CANDIDATE] for the National Young Authors Summer Institute. As Editor-in-Chief of our school newspaper, [CANDIDATE] demonstrated exceptional leadership and organizational skills, successfully overseeing the publication of twelve issues throughout the academic year. This role required not only a strong understanding of journalistic principles but also an ability to manage deadlines and collaborate effectively with a team – qualities that I believe are vital for success in any creative endeavor. Their commitment to producing high-quality work is further evidenced by their recent achievement: first place in the National Scholastic Writing Awards, a testament to their talent and dedication as a writer.

Beyond their editorial experience, [CANDIDATE] possesses a remarkable academic record. They consistently maintain a 4.0 cumulative GPA while excelling in demanding Advanced Placement humanities courses. This demonstrates not only intellectual curiosity but also an exceptional capacity for critical thinking and nuanced analysis – skills which will undoubtedly be valuable in the intensive writing workshops offered at your institute. Furthermore, their internship at our local historical society, where they meticulously cataloged archival letters, showcases a keen interest in research, detail-oriented work, and appreciating diverse narratives - all of which contribute to thoughtful and compelling storytelling.

In conclusion, [CANDIDATE]’s proven leadership",False
LTR_017,"[Your Name]
[Your Title]
[Department]
[University/School Affiliation]
[Email Address]
[Phone Number]
[Date]

Admissions Committee
National Young Authors Summer Institute
[Institute Address - if known, otherwise omit]

**Subject: Letter of Recommendation for [CANDIDATE]**

To the Admissions Committee,

It is with great enthusiasm that I recommend [CANDIDATE] for participation in the National Young Authors Summer Institute. Their demonstrated talent and dedication to writing make them an exceptionally well-suited candidate for this prestigious program.

I have had the pleasure of knowing [CANDIDATE] as their academic advisor at [University/School Name]. During this time, they have consistently impressed me with their intellectual curiosity and commitment to excellence in all areas of study.  Their accomplishments are truly noteworthy. As Editor-in-Chief of our school newspaper, [CANDIDATE] oversaw the publication of twelve issues, demonstrating significant leadership and organizational skills while ensuring a high standard of journalistic quality. Furthermore, they achieved remarkable recognition by winning 1st place in the National Scholastic Writing Awards – a testament to their exceptional writing ability and creativity.

Beyond their editorial work, [CANDIDATE] maintains an outstanding academic record, evidenced by a cumulative GPA of",False
LTR_018,"To Whom It May Concern,

It is with great pleasure that I recommend [CANDIDATE] for the National Young Authors Summer Institute. Their demonstrated commitment to writing and scholarship makes them an exceptionally strong candidate. As Editor-in-Chief of our school newspaper, they successfully managed all aspects of production, overseeing the creation and publication of twelve issues – a testament to them organizational skills, leadership abilities, and dedication to journalistic integrity. Furthermore, [CANDIDATE]’s recent recognition with 1st place in the National Scholastic Writing Awards clearly highlights them exceptional talent and skill as a writer.

Beyond them editorial experience and award-winning work, [CANDIDATE] maintains an impressive academic record. Their consistent achievement of a 4.0 cumulative GPA, coupled with outstanding performance in advanced placement humanities courses, demonstrates a rigorous intellectual curiosity and a capacity for deep engagement with complex topics – qualities that will undoubtedly serve them well within the Institute's demanding curriculum. This dedication extends beyond the classroom as evidenced by them internship at our local historical society where they meticulously cataloged archival letters.

[CANDIDATE]’s combination of strong writing skills, leadership experience, academic excellence, and demonstrated commitment to preservation of history make them an ideal fit for the National Young Authors Summer Institute. I am confident that",False
LTR_019,"[Your Name]
[Your Title]
[Department]
[University/School Name]
[Email Address]
[Phone Number]
[Date]

Admissions Committee
National Young Authors Summer Institute
[Institute Address - if known, otherwise omit]

**Subject: Letter of Recommendation for [CANDIDATE]**

Dear Admissions Committee,

It is with great pleasure and without reservation that I recommend [CANDIDATE] for participation in the National Young Authors Summer Institute. Based on my observations as their academic advisor, [CANDIDATE] demonstrates a rare combination of exceptional writing talent, intellectual curiosity, and dedicated work ethic, qualities which will undoubtedly allow them to thrive within your program.

Throughout their time at [School Name], [CANDIDATE] has consistently impressed me with their commitment to both academic excellence and creative pursuits. As Editor-in-Chief of our school newspaper, they successfully led the production team in publishing twelve issues, demonstrating strong organizational skills, leadership abilities, and a keen eye for detail – all critical components of effective editorial work. Their contributions extended beyond mere management; I am confident they actively shaped the content and tone of the publication.

[CANDIDATE]’s writing prowess was formally recognized with a first-place award in the National Scholastic Writing Awards, an achievement that speaks",False
LTR_020,"[Your Name]
[Your Title]
[Department of Computer Science, University/College Name]
[Your Email Address]
[Your Phone Number]
[Date]

[Hiring Manager Name (if known), or ""Hiring Committee""]
[Company Name]
[Company Address]

**Subject: Letter of Recommendation for [CANDIDATE] [Last Name] – Summer Technology Internship Application**

Dear [Hiring Manager/Hiring Committee],

It is with considerable enthusiasm that I recommend [CANDIDATE] [Last Name] for a competitive summer technology internship at your organization. Based on their academic performance, demonstrated project skills, and commitment to peer mentorship, I am confident they possess the foundational knowledge and drive necessary to thrive in this role.

I have had the pleasure of knowing [CANDIDATE] as their academic advisor within the Department of Computer Science here at [University/College Name]. They have consistently impressed me with their dedication and aptitude for computer science principles. Specifically, [CANDIDATE] has completed two computer science courses – [Specify Course Names if possible - e.g., ""Data Structures and Algorithms"" and ""Object-Oriented Programming""] – achieving an excellent grade of A in both.

Beyond coursework, [CANDIDATE] demonstrates a practical understanding of software development.",False
LTR_021,"[Your Name/Title]
[Your Institution]
[Your Email]
[Your Phone Number]
[Date]

To Whom It May Concern,

I am pleased to recommend [CANDIDATE] for your competitive summer technology internship program. Based on my observations and their academic record, they demonstrates a strong foundation in computer science principles. They has successfully completed two Computer Science courses with an outstanding grade of A in each, indicating both aptitude and dedication to the field. Furthermore, [CANDIDATE] took initiative beyond coursework by independently developing a web application designed for local library book tracking – a practical demonstration of their ability to apply theoretical knowledge to solve real-world problems.

Beyond their academic achievements, [CANDIDATE] maintains a commendable 3.6 cumulative GPA, reflecting consistent effort and commitment across all areas of study. This well-roundedness suggests they possesses the discipline necessary to thrive in a demanding internship environment. Notably, they has also volunteered thirty hours tutoring peers in Python programming, showcasing not only proficiency in the language but also a willingness to share their knowledge and support others – qualities that are valuable assets in collaborative work settings.

In conclusion, [CANDIDATE]’s combined academic performance, practical project experience, and demonstrated commitment to peer learning make them an exceptionally qualified",False
LTR_022,"[Your Department/University Letterhead]
[Date]

To Whom It May Concern,

It is with genuine enthusiasm that I recommend [CANDIDATE] for this competitive summer technology internship. Based on their demonstrated academic performance and proactive engagement with computer science principles, I am confident they possess the foundational skills and aptitude to thrive in a challenging internship environment.

I have had the pleasure of knowing [CANDIDATE] as their academic advisor within the [Your Department Name] department at [University Name]. They have consistently impressed me with their dedication and intellectual curiosity. Specifically, [CANDIDATE] has successfully completed two computer science courses – [Course 1 Name] and [Course 2 Name] – achieving an ‘A’ grade in both. This demonstrates a strong grasp of core concepts and a commitment to excellence in their coursework.

Beyond the classroom, [CANDIDATE] has undertaken a practical project demonstrating initiative and problem-solving skills. They independently designed and built a web application for local library book tracking, showcasing their ability to translate theoretical knowledge into functional software. Maintaining a 3.6 cumulative GPA while undertaking such projects is further testament to their strong work ethic and time management abilities.  Furthermore, [CANDIDATE]'s commitment extends beyond personal achievement; they have generously volunteered over 3",False
LTR_023,"To Whom It May Concern,

I am writing to enthusiastically recommend [CANDIDATE] for acceptance into the National Young Authors Summer Institute. Throughout their time in our school community, [CANDIDATE] has consistently demonstrated exceptional talent and dedication, particularly in the realm of writing and scholarship. Notably, they served as Editor-in-Chief of our school newspaper, successfully overseeing the publication of twelve issues – a demanding role requiring both leadership and keen editorial judgment. This accomplishment is further underscored by their recent recognition with 1st place in the National Scholastic Writing Awards, signifying an impressive level of skill and creativity within a highly competitive field.

Beyond their writing achievements, [CANDIDATE] possesses a strong academic foundation as evidenced by their consistent performance. They maintains a remarkable 4.0 cumulative GPA, complemented by outstanding scores in advanced Placement humanities courses. This intellectual rigor demonstrates not only a capacity for critical thinking but also the discipline necessary to thrive in a demanding program like yours. Furthermore, their commitment extends beyond the classroom; their internship at our local historical society, where they diligently cataloged archival letters, reveals a proactive interest in research and preservation of narratives – skills invaluable to any aspiring writer.

In conclusion, [CANDIDATE]'s proven abilities in writing, leadership, academics, and",False
LTR_024,"[Your Department Letterhead]
[Date]

To Whom It May Concern,

It is with considerable enthusiasm that I recommend [CANDIDATE] [Last Name] for a competitive summer technology internship. Based on their academic performance and demonstrated skills, I believe they possess the potential to be a valuable asset to any organization seeking a motivated and capable intern in the field of technology.

I have known [CANDIDATE] as their academic advisor in the Computer Science department at [University Name] since [Start Date/Semester]. During this time, they have consistently impressed me with their dedication and aptitude for computer science principles. They have successfully completed two core computer science courses, achieving an A grade in both – demonstrating a strong grasp of fundamental concepts.

Beyond coursework, [CANDIDATE] has proactively applied their knowledge to practical projects. Notably, they independently developed a web application designed to track book inventory for our local library. This project demonstrates initiative, problem-solving skills, and the ability to translate theoretical understanding into functional software.  [CANDIDATE] also consistently maintains a commendable 3.6 cumulative GPA, reflecting their commitment to academic excellence across all disciplines. Furthermore, their willingness to assist others is evident in their volunteer work; they dedicated over 30 hours tutoring fellow students in Python programming, showcasing both",False
LTR_025,"To Whom It May Concern,

I am writing to enthusiastically recommend [CANDIDATE] for the National Young Authors Summer Institute. As Editor-in-Chief of our school newspaper, they demonstrated exceptional leadership and editorial skills over the course of twelve published issues. This role required not only a keen eye for detail and strong organizational abilities but also the capacity to guide a team and manage deadlines – all responsibilities [CANDIDATE] handled with impressive proficiency. Their commitment to producing high-quality content is further evidenced by their recent achievement of first place in the National Scholastic Writing Awards, a testament to their talent and dedication as a writer.

Beyond their editorial work, [CANDIDATE] possesses a strong academic record that underscores their intellectual curiosity and discipline. They consistently maintain a 4.0 cumulative GPA, demonstrating a commitment to excellence across all subjects. Their particularly high scores in AP humanities courses reflect a deep engagement with complex ideas and nuanced analysis – skills vital for creative writing development. Complementing these achievements is an internship at our local historical society where they diligently cataloged archival letters, showcasing their attention to detail and appreciation for preserving narratives.

Based on their proven leadership abilities, exceptional writing talent, rigorous academic performance, and demonstrated commitment to detailed work, I am confident that [CANDIDATE] would be a valuable",False
LTR_026,"[Your Department/University Letterhead]
[Date]

To Whom It May Concern,

It is with considerable enthusiasm that I recommend [CANDIDATE] [Last Name – *Please insert last name here*] for a competitive summer technology internship. Based on my observations of their academic performance and extracurricular involvement, I am confident they possess the skills and drive to thrive in a demanding professional environment.

I have known [CANDIDATE] as their academic advisor within the Computer Science department at [University Name]. They have consistently demonstrated a strong aptitude for computer science principles. Specifically, [CANDIDATE] successfully completed two introductory computer science courses, achieving an A grade in each. This demonstrates not only comprehension of core concepts but also a commitment to mastering challenging material.

Beyond coursework, [CANDIDATE] has actively applied their knowledge through practical projects. Notably, they independently designed and built a web application for book tracking at our local library. This project showcases their ability to translate theoretical understanding into functional software solutions – a crucial skill in the technology industry.  [CANDIDATE] maintains a commendable 3.6 cumulative GPA, reflecting their overall academic dedication. Furthermore, their commitment extends beyond personal achievement; they generously volunteered thirty hours tutoring fellow students in Python programming, highlighting both their technical proficiency and their willingness to support others.

In",False
LTR_027,"To Whom It May Concern,

I am writing to recommend [CANDIDATE] for your competitive summer technology internship program. [CANDIDATE] has consistently demonstrated strong aptitude and dedication within their computer science coursework, achieving an A grade in two courses thus far. Beyond classroom performance, they have actively pursued practical application of their skills; notably, [CANDIDATE] independently designed and built a web application specifically tailored to track book inventory for our local library – a project showcasing both technical proficiency and initiative. 

[CANDIDATE]’s academic record extends beyond computer science, as evidenced by their commendable 3.6 cumulative GPA, reflecting a commitment to overall excellence. Furthermore, they have generously dedicated 30 hours volunteering as a peer tutor in Python programming, indicating not only a solid understanding of the subject matter but also an ability to effectively communicate complex concepts and support others' learning – qualities invaluable in any collaborative environment.

Based on their demonstrated technical skills, project experience, strong academic standing, and commitment to mentorship, I am confident that [CANDIDATE] would be a valuable asset to your internship program. They possess a clear passion for technology and the drive to excel; I highly recommend them without reservation.",False
LTR_028,"[Your Name/Title]
[Your Institution]
[Date]

It is with confidence that I recommend [CANDIDATE] for consideration to your competitive summer technology internship program. They have consistently demonstrated a strong aptitude and commitment to computer science during their studies here. [CANDIDATE] successfully completed two computer science courses, achieving an ‘A’ grade in each, showcasing their ability to grasp complex concepts and apply them effectively. Their academic record is further supported by a commendable 3.6 cumulative GPA, indicating a dedication to overall scholastic excellence.

Beyond coursework, [CANDIDATE] has proactively pursued practical application of their skills. Notably, they independently developed a web application designed for local library book tracking – a project demonstrating initiative and problem-solving capabilities within a real-world context. This experience highlights their ability to translate theoretical knowledge into functional solutions. 

Finally, [CANDIDATE]’s commitment extends beyond personal academic achievement; they generously volunteered thirty hours tutoring their peers in Python programming. This demonstrates not only proficiency in the language but also a willingness to share their knowledge and support others – qualities highly valuable in a collaborative team environment. I believe [CANDIDATE] possesses the technical skills and work ethic necessary to thrive within your internship program.",False
LTR_029,"[Your Department/University Letterhead]
[Date]

To Whom It May Concern,

It is with great pleasure and without reservation that I recommend [CANDIDATE] for a competitive summer technology internship. Based on their academic performance and demonstrated skills, I believe they possess the potential to make significant contributions to your organization.

I have known [CANDIDATE] in my capacity as their academic advisor within the Computer Science department at [University Name]. They have consistently impressed me with their dedication and aptitude for computer science principles. Specifically, [CANDIDATE] has successfully completed two demanding computer science courses, achieving an ‘A’ grade in each. This demonstrates a strong grasp of fundamental concepts and a commitment to excellence in their studies.

Beyond the classroom, [CANDIDATE] has proactively applied their knowledge through practical projects. Notably, they independently developed a web application designed for local library book tracking – showcasing initiative, problem-solving abilities, and an understanding of full-stack development principles.  Furthermore, [CANDIDATE]’s commitment extends beyond personal achievement; they have dedicated 30 hours volunteering as a peer tutor in Python, demonstrating their willingness to share knowledge and support the learning of others. Maintaining a cumulative GPA of 3.6 further underscores their consistent academic diligence.

[CANDIDATE]'",False
LTR_030,"[Your Department/University Letterhead]

[Date]

[Hiring Manager Name (if known), or ""Hiring Committee""]
[Company Name]
[Company Address]

**Subject: Recommendation for [CANDIDATE] – Summer Technology Internship**

Dear [Hiring Manager/Committee],

It is with genuine enthusiasm that I recommend [CANDIDATE] for a competitive summer technology internship at your organization. Based on their demonstrated academic performance, technical skills, and commitment to supporting others in the field of computer science, I am confident they possess the potential to be a valuable asset to your team.

I have had the pleasure of knowing [CANDIDATE] as their academic advisor within the [Your Department] department at [University Name]. During this time, they have consistently impressed me with their dedication and aptitude for computer science principles. They have successfully completed two rigorous computer science courses, achieving an ""A"" grade in both. This demonstrates not only a strong grasp of fundamental concepts but also a commitment to diligent study habits and problem-solving skills.

Beyond the classroom, [CANDIDATE] has proactively applied their knowledge by developing a web application for local library book tracking. This project showcases their ability to translate theoretical understanding into practical solutions, demonstrating initiative and a clear understanding of",False
LTR_031,"To Whom It May Concern,

I am writing to recommend [CANDIDATE] for your competitive summer technology internship program. Based on their academic record and demonstrated skills, I believe they possess a strong foundation for success in a technical role. [CANDIDATE] has completed two computer science courses, achieving an excellent grade of A in each. This demonstrates not only a capacity for grasping complex concepts but also a commitment to rigorous study and a dedication to mastering the fundamentals of computer science. Their academic performance is further reflected in their overall 3.6 cumulative GPA, showcasing consistent achievement across all coursework.

Beyond academics, [CANDIDATE] has actively applied their knowledge through practical projects. Notably, they independently developed a web application designed for local library book tracking, demonstrating initiative and problem-solving abilities within a real-world context. This experience highlights their capacity to translate theoretical understanding into functional code and address tangible needs. Furthermore, [CANDIDATE]’s commitment extends beyond personal learning; they have generously volunteered 30 hours tutoring peers in Python programming, indicating strong communication skills and the ability to effectively explain technical concepts to others.

In conclusion, [CANDIDATE]'s combination of academic excellence, practical project experience, and a demonstrated willingness to support their peers makes them an exceptionally promising candidate for your internship program. I am confident",False
LTR_032,"[Your Name]
[Your Title]
[Department]
[University/School]
[Email Address]
[Phone Number]
[Date]

Admissions Committee
National Young Authors Summer Institute
[Institute Address - if known, otherwise omit]

**Subject: Letter of Recommendation for [CANDIDATE]**

Dear Admissions Committee,

It is with great enthusiasm and without reservation that I recommend [CANDIDATE] for participation in the National Young Authors Summer Institute. Their demonstrated talent for writing, coupled with them intellectual curiosity and unwavering commitment to excellence, make them an exceptionally strong candidate for this prestigious program.

I have had the pleasure of knowing [CANDIDATE] as them academic advisor at [University/School Name]. During them time here, they has consistently impressed me with them dedication and abilities. Most notably, they served as Editor-in-Chief of our school newspaper, a demanding role requiring significant leadership and organizational skills. They successfully managed this responsibility, overseeing the publication of twelve issues while maintaining high editorial standards.  Further demonstrating them writing prowess, [CANDIDATE] was awarded first place in the National Scholastic Writing Awards – a testament to them talent and creativity.

Beyond them extracurricular involvement, [CANDIDATE] maintains an outstanding academic record, evidenced by them",False
LTR_033,"To Whom It May Concern,

It is with great confidence that I recommend [CANDIDATE] for the National Young Authors Summer Institute. Their demonstrated commitment to writing and scholarship makes them an exceptionally well-suited candidate for this program. As Editor-in-Chief of our school newspaper, they oversaw the production of twelve issues, a demanding role requiring strong leadership skills, meticulous attention to detail, and a clear understanding of editorial processes – all hallmarks of a dedicated writer and editor. This experience, combined with them academic excellence evidenced by a 4.0 cumulative GPA and particularly high scores in Advanced Placement humanities courses, speaks volumes about them intellectual curiosity and drive for mastery.

Beyond them scholastic achievements, [CANDIDATE] has also achieved significant recognition within the writing community. Their recent First Place win at the National Scholastic Writing Awards is a testament to them talent and creative potential. This accomplishment underscores them ability to craft compelling narratives and demonstrate sophisticated understanding of language and storytelling techniques. Further demonstrating them dedication to historical context and research, they completed an internship at our local historical society where they diligently cataloged archival letters, showcasing a commitment to preservation and deep engagement with primary source materials.

In conclusion, [CANDIDATE] possesses the intellectual rigor, creative talent, and demonstrated leadership qualities that would",False
LTR_034,"[Your Department/University Letterhead]

[Date]

[Hiring Manager Name (if known), or ""Hiring Committee""]
[Company Name]
[Company Address]

**Subject: Recommendation for [CANDIDATE] – Summer Technology Internship**

Dear [Hiring Manager/Committee],

It is with great pleasure and without reservation that I recommend [CANDIDATE] for a competitive summer technology internship at your organization. Based on them demonstrated academic performance, technical skills, and commitment to peer support, I believe they possesses the aptitude and drive to make significant contributions to your team.

I have had the opportunity to observe [CANDIDATE]’s progress in two Computer Science courses where they consistently achieved an ‘A’ grade. Their understanding of fundamental computer science principles is evident, and they approaches complex challenges with a thoughtful and methodical approach. Beyond coursework, [CANDIDATE] has proactively applied them skills by independently developing a web application for book tracking at our local library. This project demonstrates initiative, problem-solving abilities, and the capacity to translate theoretical knowledge into practical solutions – qualities highly valued in a technology internship setting.

Furthermore, [CANDIDATE] maintains an impressive 3.6 cumulative GPA, reflecting them diligence and commitment to academic excellence across all disciplines.  They has",False
LTR_035,"[Your Name]
[Your Title]
[Department]
[University/School Name]
[Email Address]
[Phone Number]
[Date]

Admissions Committee
National Young Authors Summer Institute
[Institute Address - if known, otherwise omit]

**Subject: Letter of Recommendation for [CANDIDATE]**

Dear Admissions Committee,

It is with considerable enthusiasm that I recommend [CANDIDATE] for admission to the National Young Authors Summer Institute. Their exceptional writing talent, demonstrated leadership abilities, and unwavering commitment to academic excellence make them a highly promising candidate for this prestigious program.

I have had the pleasure of knowing [CANDIDATE] as their [Your Role - e.g., Academic Advisor, English Teacher] at [School Name]. During this time, they have consistently impressed me with their dedication and skill.  Most notably, [CANDIDATE] served as Editor-in-Chief of our school newspaper for a full year, overseeing the publication of twelve issues. This role required significant organizational skills, editorial judgment, and the ability to manage a team – all of which [CANDIDATE] executed admirably. Their achievement in winning first place in the National Scholastic Writing Awards is further testament to their exceptional writing abilities and creative potential.

Beyond their demonstrated talent in",False
LTR_036,"[Your Name/Title]
[Your Institution]
[Date]

It is with confidence that I recommend [CANDIDATE] for your competitive summer technology internship program. They have consistently demonstrated a strong aptitude and commitment to computer science during their time at [Institution Name]. Specifically, [CANDIDATE] has successfully completed two Computer Science courses, achieving an ""A"" grade in each. This academic performance underscores their grasp of fundamental concepts and ability to excel in a challenging curriculum.

Beyond coursework, [CANDIDATE] proactively applied their skills by developing a web application designed for local library book tracking. This project showcases their initiative, problem-solving abilities, and practical understanding of software development principles – demonstrating an eagerness to translate theoretical knowledge into tangible solutions. Their overall academic record reflects this dedication, maintaining a cumulative GPA of 3.6.

Finally, [CANDIDATE]’s commitment extends beyond personal achievement; they have volunteered over 30 hours tutoring their peers in Python programming. This experience highlights not only their proficiency in the language but also their ability to communicate technical concepts effectively and mentor others – valuable qualities for a collaborative internship environment. I believe [CANDIDATE] possesses the skills and drive to make significant contributions to your program.",False
LTR_037,"To Whom It May Concern,

I am pleased to recommend [CANDIDATE] for the National Young Authors Summer Institute. They has consistently demonstrated exceptional writing ability and a strong commitment to literary pursuits throughout their time in our school community. As Editor-in-Chief of our school newspaper, they oversaw the production of twelve issues, showcasing leadership skills alongside an understanding of editorial processes and journalistic integrity. This experience alone highlights their dedication and organizational capabilities within a creative field.

Beyond their extracurricular involvement, [CANDIDATE]’s academic record further underscores their talent. They achieved first place in the National Scholastic Writing Awards, a testament to the quality and originality of their work. Coupled with a remarkable 4.0 cumulative GPA and consistently high scores in advanced placement humanities courses, it's clear they possesses both intellectual rigor and creative flair – qualities essential for success in a demanding writing program like yours.

Finally, [CANDIDATE]’s demonstrated interest in preserving historical narratives through their internship at our local historical society speaks to a thoughtful and inquisitive mind. Cataloging archival letters required meticulous attention to detail and an appreciation for the power of storytelling across time. I am confident that they would be a valuable contributor to your institute and highly recommend them without reservation.",False
LTR_038,"To Whom It May Concern,

I am writing to enthusiastically recommend [CANDIDATE] for the National Young Authors Summer Institute. As Editor-in-Chief of our school newspaper, they demonstrated exceptional leadership and editorial skills over the course of twelve published issues. This role required a keen eye for detail, strong organizational abilities, and a commitment to producing high-quality content – all qualities essential for success in a writing program of this caliber. [CANDIDATE]'s dedication extends beyond their extracurricular activities; they consistently achieve academic excellence, maintaining a 4.0 cumulative GPA with particularly impressive scores in advanced humanities courses.

Beyond their editorial experience and academic record, [CANDIDATE] possesses a demonstrable talent for creative writing recognized at the national level. They were awarded first place in the National Scholastic Writing Awards, a testament to their skill and artistry. Furthermore, their commitment to learning extends beyond traditional classroom settings; they gained valuable practical experience through an internship at our local historical society where they meticulously cataloged archival letters. This experience showcases [CANDIDATE]’s meticulous nature and genuine interest in preserving and understanding narratives – skills that will undoubtedly benefit them within a writing community.

In conclusion, [CANDIDATE]'s proven leadership, exceptional writing talent, strong academic record, and demonstrated commitment to learning make them an ideal",False
LTR_039,"[Your Name/Title]
[Your Institution]
[Your Email]
[Your Phone Number]
[Date]

To Whom It May Concern,

I am pleased to recommend [CANDIDATE] for your competitive summer technology internship program. Based on their academic record and demonstrated skills, I believe they possesses a strong foundation for success in this type of opportunity. [CANDIDATE] has consistently excelled in their computer science coursework, achieving an ""A"" grade in two courses, demonstrating a clear aptitude for the subject matter. Furthermore, they took initiative beyond the classroom by independently developing a web application designed to track book inventory for our local library – showcasing both practical programming skills and problem-solving abilities.

Beyond their academic achievements, [CANDIDATE] has also demonstrated a commitment to supporting others within the computer science community. They volunteered thirty hours tutoring fellow students in Python, indicating strong communication and mentorship capabilities alongside their technical expertise. This dedication suggests they is not only capable but also willing to contribute positively to a team environment. Their overall 3.6 cumulative GPA further reinforces their academic diligence and ability to manage multiple responsibilities effectively.

In conclusion, [CANDIDATE]’s combination of high academic achievement, practical project experience, and demonstrated willingness to assist others makes them an exceptionally",False
LTR_040,"[Your Department Letterhead]
[Date]

To Whom It May Concern,

It is with great pleasure and without reservation that I recommend [CANDIDATE] for your competitive summer technology internship program. Based on them strong academic performance, demonstrable technical skills, and commitment to peer support, I am confident they would be a valuable asset to your team.

I have known [CANDIDATE] as them academic advisor in the [Department Name] at [University Name]. Throughout them coursework, they has consistently demonstrated a remarkable aptitude for computer science principles. They successfully completed two courses – [Course 1 Name] and [Course 2 Name] – both of which they completed with an outstanding grade of A. This reflects not only them understanding of the material but also them dedication to mastering complex concepts.

Beyond coursework, [CANDIDATE] has proactively applied them skills through a practical project. They independently designed and built a web application for book tracking at our local library. This demonstrates them ability to translate theoretical knowledge into functional software, showcasing initiative and problem-solving capabilities.  They maintains a commendable 3.6 cumulative GPA, further illustrating them commitment to academic excellence across all disciplines.

Furthermore, [CANDIDATE] has demonstrated leadership and a willingness to help others by volunteering over 3",False
LTR_041,"[Your Name]
[Your Title]
[Department]
[University/School Name]
[Email Address]
[Phone Number]
[Date]

Admissions Committee
National Young Authors Summer Institute
[Institute Address - if known, otherwise omit]

**Subject: Letter of Recommendation for [CANDIDATE]**

Dear Admissions Committee,

It is with great pleasure and without reservation that I recommend [CANDIDATE] for acceptance into the National Young Authors Summer Institute. Their exceptional writing talent, dedication to journalistic pursuits, and demonstrated intellectual rigor make them an ideal candidate for this prestigious program.

I have had the opportunity to know [CANDIDATE] in them capacity as a student at [University/School Name]. During this time, they has consistently impressed me with them commitment to academic excellence and them passion for written expression. As Editor-in-Chief of our school newspaper, *[Newspaper Name]*, they demonstrated remarkable leadership and organizational skills, successfully overseeing the publication of twelve issues. This role required not only a keen eye for detail but also the ability to manage deadlines, collaborate with a team, and uphold high journalistic standards – all of which [CANDIDATE] accomplished admirably.

[CANDIDATE]’s talent has been recognized beyond our school community as well",False
LTR_042,"[Your Department/University Letterhead]
[Date]

National Young Authors Summer Institute Selection Committee
[Institute Address - if known, otherwise omit]

**Subject: Recommendation for [CANDIDATE] – National Young Authors Summer Institute**

Dear Selection Committee,

It is with genuine enthusiasm and without reservation that I recommend [CANDIDATE] for participation in the National Young Authors Summer Institute. Their demonstrated talent, dedication to writing, and commitment to historical understanding make them an exceptionally well-suited candidate for this prestigious program.

I have known [CANDIDATE] as their academic advisor at [School Name] for [Duration - e.g., two years]. During that time, they have consistently impressed me with their intellectual curiosity and exceptional work ethic. As Editor-in-Chief of our school newspaper, *[Newspaper Name]*, [CANDIDATE] oversaw the production of twelve issues, demonstrating remarkable leadership skills in managing a team, adhering to deadlines, and maintaining editorial integrity. This role required not only strong writing abilities but also keen judgment and an understanding of diverse perspectives – qualities that [CANDIDATE] consistently displayed.

[CANDIDATE]'s talent as a writer has been formally recognized through their First Place award in the National Scholastic Writing Awards. This achievement is a testament to their skill, creativity, and ability to",False
LTR_043,"To Whom It May Concern,

I am writing to enthusiastically recommend [CANDIDATE] for the National Young Authors Summer Institute. As Editor-in-Chief of our school newspaper, [CANDIDATE] demonstrated exceptional leadership and dedication over the course of twelve published issues. This role required not only strong organizational skills but also a keen eye for detail and an ability to manage a team – qualities that are essential for success in any writing program. Their commitment to producing high-quality content consistently impressed me and showcased their natural talent for crafting engaging narratives.

Beyond their editorial experience, [CANDIDATE] possesses remarkable writing abilities as evidenced by their First Place win in the National Scholastic Writing Awards. This significant accomplishment underscores a level of skill and creativity that distinguishes them from their peers. Furthermore, [CANDIDATE] maintains an impressive 4.0 cumulative GPA, consistently achieving top scores in advanced Placement humanities courses, indicating a deep engagement with critical thinking and nuanced analysis – skills vital for developing compelling written work.

Finally, [CANDIDATE]’s internship at our local historical society, where they diligently cataloged archival letters, demonstrates a commitment to research, historical context, and meticulous record-keeping. This experience provides a valuable foundation for understanding narrative structure and the power of storytelling across time periods. I am confident that [CANDIDATE] would be",False
LTR_044,"To Whom It May Concern,

I am writing to enthusiastically recommend [CANDIDATE] for the National Young Authors Summer Institute. Their demonstrated commitment to writing and scholarship makes them an ideal candidate for this prestigious program. As Editor-in-Chief of our school newspaper, they oversaw the production of twelve issues, showcasing exceptional organizational skills and a keen eye for detail in crafting engaging content. This leadership role, coupled with their achievement of 1st place in the National Scholastic Writing Awards, clearly indicates a significant talent and passion for written expression.

Beyond their creative writing abilities, [CANDIDATE] possesses a strong academic foundation as evidenced by their consistent performance. They maintain a perfect 4.0 cumulative GPA while excelling in demanding AP humanities courses. This rigorous coursework demonstrates an intellectual curiosity and capacity for critical thinking that will undoubtedly benefit them within the Institute's intensive learning environment. Furthermore, their internship at our local historical society, where they cataloged archival letters, highlights a dedication to research, meticulous record-keeping, and appreciation for the power of storytelling through diverse mediums.

In summary, [CANDIDATE]’s proven leadership in journalism, national recognition for writing excellence, outstanding academic achievements, and commitment to historical preservation make them exceptionally well-prepared for and deserving of",False
LTR_045,"[Your Name]
[Your Title]
[Department]
[University/School]
[Email Address]
[Phone Number]
[Date]

Admissions Committee
National Young Authors Summer Institute
[Institute Address - if known, otherwise omit]

**Subject: Letter of Recommendation for [CANDIDATE]**

Dear Admissions Committee,

It is with great pleasure and without reservation that I recommend [CANDIDATE] for admission to the National Young Authors Summer Institute. Their demonstrated talent in writing, coupled with their intellectual curiosity and commitment to scholarly pursuits, make them an exceptionally well-suited candidate for this prestigious program.

I have known [CANDIDATE] as their academic advisor at [University/School] for the past [Number] years. During that time, they has consistently impressed me with their dedication and abilities. They served as Editor-in-Chief of our school newspaper, a demanding role requiring significant leadership and organizational skills, successfully overseeing the publication of twelve issues. This experience clearly demonstrates their capacity to manage complex projects and meet deadlines under pressure.  Furthermore, [CANDIDATE]'s exceptional writing talent was formally recognized when they won First Place in the National Scholastic Writing Awards – a testament to their skill and creativity.

Beyond their journalistic pursuits,",False
LTR_046,"To Whom It May Concern,

It is with confidence that I recommend [CANDIDATE] for your competitive summer technology internship program. They has demonstrated a strong aptitude and commitment to computer science through them academic performance. [CANDIDATE] successfully completed two computer science courses, achieving an exceptional grade of A in each. This, coupled with them overall 3.6 cumulative GPA, showcases them dedication to rigorous coursework and a clear understanding of fundamental concepts.

Beyond the classroom, [CANDIDATE] has actively applied them technical skills to create practical solutions. Notably, they independently developed a web application designed for local library book tracking – a project that demonstrates initiative, problem-solving abilities, and an understanding of software development principles. This experience suggests a capacity for independent work and innovative thinking which would be valuable in an internship setting.

Finally, [CANDIDATE]’s commitment extends beyond them own learning; they has generously volunteered 30 hours tutoring fellow students in Python programming. This willingness to share them knowledge and support others highlights them collaborative spirit and further underscores them passion for technology. I believe [CANDIDATE] possesses the technical foundation, drive, and interpersonal skills necessary to excel within your internship program.",False
LTR_047,"[Your Name]
[Your Title]
[Department]
[University/School]
[Email Address]
[Phone Number]
[Date]

Admissions Committee
National Young Authors Summer Institute
[Institute Address - if known, otherwise omit]

**Subject: Letter of Recommendation for [CANDIDATE]**

Dear Admissions Committee,

It is with great pleasure and without reservation that I recommend [CANDIDATE] for admission to the National Young Authors Summer Institute. Based on their demonstrated talent, leadership abilities, and intellectual curiosity, I am confident they would be a valuable addition to your program and benefit immensely from its opportunities.

I have had the privilege of knowing [CANDIDATE] as [Your Relationship - e.g., their academic advisor, English teacher, etc.] at [School Name] for [Duration]. During this time, they have consistently impressed me with their dedication to writing and scholarship.  [CANDIDATE] served as Editor-in-Chief of our school newspaper, a demanding role requiring exceptional organizational skills and editorial judgment. They successfully oversaw the publication of twelve issues, demonstrating considerable responsibility and leadership in guiding a team and managing deadlines.

Beyond their commitment to journalistic pursuits, [CANDIDATE] possesses significant creative talent. Their achievement of 1st place in the National Scholastic",False
LTR_048,"[Your Department Letterhead]
[Date]

Admissions Committee
National Young Authors Summer Institute
[Institute Address]

**Subject: Letter of Recommendation for [CANDIDATE] [Last Name]**

To the esteemed Admissions Committee,

It is with genuine enthusiasm that I recommend [CANDIDATE] [Last Name] for acceptance into the National Young Authors Summer Institute. Based on their exceptional writing skills, demonstrated leadership abilities, and unwavering dedication to literary pursuits, I am confident they would be a valuable contributor to your program and thrive in its rigorous environment.

I have had the pleasure of knowing [CANDIDATE] as their academic advisor at [School Name] for the past [Number] years. During this time, they have consistently impressed me with their intellectual curiosity and commitment to excellence. A particularly noteworthy accomplishment is their tenure as Editor-in-Chief of our school newspaper. In that role, [CANDIDATE] oversaw the publication of twelve issues, demonstrating strong organizational skills, editorial judgment, and a clear understanding of journalistic principles. They managed a team effectively, ensuring consistent quality and timely delivery.

[CANDIDATE]’s writing talent has also been recognized at a national level. Their work was awarded 1st place in the National Scholastic Writing Awards – a significant achievement that speaks volumes about their skill",False
LTR_049,"[Your Name/Title]
[Your Institution]
[Date]

It is with confidence that I recommend [CANDIDATE] for your competitive summer technology internship program. They have consistently demonstrated a strong aptitude and commitment to computer science during their time at [Institution Name]. [CANDIDATE] has successfully completed two computer science courses, achieving an ""A"" grade in each, showcasing both a firm grasp of fundamental concepts and the ability to apply them effectively. Their academic performance is further evidenced by a commendable 3.6 cumulative GPA, indicating overall dedication and strong work ethic.

Beyond their coursework, [CANDIDATE] proactively pursued practical application of their skills. They independently developed a web application designed for local library book tracking, demonstrating initiative and problem-solving abilities within a real-world context. This project highlights their capacity to translate theoretical knowledge into functional software solutions. Furthermore, they generously dedicated 30 hours volunteering as a Python tutor for their peers, illustrating a willingness to share expertise and support others in the field.

[CANDIDATE]’s combination of academic excellence, practical project experience, and commitment to peer mentorship makes them an exceptionally promising candidate for your internship program. I am confident that they possess the foundational skills and drive necessary to thrive in a challenging technical environment and would",False
LTR_050,"To Whom It May Concern,

It is my distinct pleasure to recommend [CANDIDATE] for the National Young Authors Summer Institute. As Editor-in-Chief of our school newspaper, they demonstrated exceptional leadership and organizational skills, successfully overseeing the production of twelve issues throughout the academic year. This role required not only a keen eye for detail and strong writing abilities but also an understanding of editorial processes and team management – all of which [CANDIDATE] executed with impressive proficiency. Their commitment to journalistic integrity and their ability to guide a team are qualities that will undoubtedly serve them well in a rigorous program like yours.

Beyond their leadership experience, [CANDIDATE] possesses a remarkable talent for creative writing, as evidenced by their recent First Place win in the National Scholastic Writing Awards. This prestigious recognition speaks volumes about their skill and artistry. Furthermore, [CANDIDATE] consistently demonstrates academic excellence; they maintain a perfect 4.0 GPA while excelling in advanced placement humanities courses. Their commitment to rigorous study reflects a dedication to learning and a capacity for absorbing complex information – attributes crucial for success in any intensive writing environment.

Finally, [CANDIDATE]'s demonstrated interest in history through their internship at the local historical society, where they cataloged archival letters, highlights a thoughtful curiosity and meticulous attention to detail that will be valuable",False
LTR_051,"[Your Name]
[Your Title]
[Department of [Relevant Department]]
[University/School Name]
[Email Address]
[Phone Number]
[Date]

Admissions Committee
National Young Authors Summer Institute
[Institute Address - If Known]

**Subject: Letter of Recommendation for [CANDIDATE]**

Dear Admissions Committee,

It is with great pleasure and without reservation that I recommend [CANDIDATE] for admission to the National Young Authors Summer Institute. Based on my observations of their work ethic, intellectual curiosity, and demonstrable writing talent, I believe they possess the potential to thrive in your rigorous program and contribute meaningfully to its community.

I have known [CANDIDATE] as their academic advisor at [University/School Name] for [Duration - e.g., two years]. During this time, they have consistently impressed me with their dedication and achievements. Notably, [CANDIDATE] served as Editor-in-Chief of our school newspaper, a demanding role requiring significant organizational skills and editorial judgment. They successfully led the team in producing twelve issues throughout the academic year, demonstrating strong leadership and commitment to journalistic integrity.  Further testament to [CANDIDATE]'s writing prowess is their First Place win in the National Scholastic Writing Awards – a truly impressive accomplishment reflecting exceptional talent",False
LTR_052,"To Whom It May Concern,

I am pleased to recommend [CANDIDATE] for the National Young Authors Summer Institute. Throughout their time at [School Name], [CANDIDATE] has consistently demonstrated exceptional talent and dedication in the field of writing and scholarship. Notably, they served as Editor-in-Chief of our school newspaper, successfully overseeing the publication of twelve issues – a significant responsibility requiring strong organizational skills, leadership, and meticulous attention to detail. Their commitment to excellence was further recognized with a first place award in the National Scholastic Writing Awards, solidifying their position as an accomplished writer.

Beyond their journalistic pursuits, [CANDIDATE] maintains an impressive academic record. They have achieved a 4.0 cumulative GPA while excelling particularly in Advanced Placement humanities courses. This demonstrates not only intellectual rigor but also a keen ability to analyze complex subjects and articulate nuanced arguments – skills that will undoubtedly be valuable within the Summer Institute's intensive writing environment. Their dedication extends beyond the classroom as well, evidenced by their internship at our local historical society where they diligently cataloged archival letters.

[CANDIDATE]’s combination of editorial leadership, award-winning writing, academic achievement, and demonstrated historical research experience makes them an ideal candidate for this program. I am confident that they will contribute meaningfully to the Institute",False
LTR_053,"[Your Department Letterhead]
[Date]

To Whom It May Concern,

It is with considerable enthusiasm that I recommend [CANDIDATE] for a competitive summer technology internship. Based on their academic performance and demonstrated skills, I am confident they possesses the potential to make significant contributions to your program.

I have had the pleasure of knowing [CANDIDATE] as their academic advisor in the Computer Science department at [University Name]. They has consistently impressed me with their aptitude for computer science principles. Specifically, [CANDIDATE] successfully completed two core computer science courses, achieving an ""A"" grade in each. This demonstrates not only a strong grasp of fundamental concepts but also a dedication to mastering challenging material.

Beyond their coursework, [CANDIDATE] proactively applied their knowledge by developing a web application designed for local library book tracking. This project showcases their ability to translate theoretical understanding into practical and functional solutions – a vital skill for any aspiring technology professional. Furthermore, they maintains a commendable 3.6 cumulative GPA, reflecting consistent academic excellence across all disciplines.  Their commitment extends beyond their own learning; [CANDIDATE] has generously volunteered over 30 hours tutoring their peers in Python programming. This experience highlights their communication skills and ability to effectively explain complex concepts to others.

[CANDIDATE] possesses",False
LTR_054,"To Whom It May Concern,

I am pleased to recommend [CANDIDATE] for your competitive summer technology internship program. Based on them academic record and demonstrated skills, they possesses a strong foundation for success in this field. [CANDIDATE] has consistently excelled in them coursework, achieving an ""A"" grade in two computer science courses. Coupled with a commendable 3.6 cumulative GPA, this demonstrates a clear aptitude and dedication to mastering technical concepts.

Beyond the classroom, [CANDIDATE] has proactively applied them knowledge by developing a web application for local library book tracking. This project showcases them ability to translate theoretical understanding into practical problem-solving capabilities. Furthermore, they has generously contributed to them peers' learning as evidenced by them 30 hours of volunteer tutoring in Python, demonstrating not only proficiency but also an aptitude for explaining complex ideas effectively.

In conclusion, [CANDIDATE]’s strong academic performance, hands-on project experience, and commitment to peer support make them a highly promising candidate for your internship program. I am confident that they possesses the skills and work ethic necessary to thrive in a challenging technical environment and would be a valuable asset to your team.",False
LTR_055,"[Your Name]
[Your Title]
[Department]
[University]
[Email Address]
[Phone Number]
[Date]

[Hiring Manager Name/To Whom It May Concern - If known, otherwise use this]
[Company Name]
[Address]

**Subject: Letter of Recommendation for [CANDIDATE] [Last Name]**

Dear [Hiring Manager Name or To Whom It May Concern],

It is with considerable enthusiasm that I recommend [CANDIDATE] for a competitive summer technology internship at your organization. Based on my observations and interactions with them as their academic advisor, I am confident they possess the foundational skills and dedication necessary to thrive in a challenging and innovative environment.

I have known [CANDIDATE] since [Start Date - e.g., Fall 2023] and have observed their consistent commitment to excellence within their computer science coursework. They successfully completed two Computer Science courses, achieving an ‘A’ grade in each. This demonstrates not only a strong grasp of fundamental concepts but also the ability to apply them effectively. Beyond classroom performance, [CANDIDATE] has actively pursued practical application of their knowledge. Notably, they independently designed and built a web application for local library book tracking, showcasing initiative, problem-solving skills,",False
LTR_056,"[Your Name]
[Your Title]
[Department]
[University/School Name]
[Email Address]
[Phone Number]
[Date]

Admissions Committee
National Young Authors Summer Institute
[Institute Address - If Known]

**Subject: Letter of Recommendation for [CANDIDATE]**

Dear Admissions Committee,

It is with great pleasure and without reservation that I recommend [CANDIDATE] for participation in the National Young Authors Summer Institute. Their demonstrated writing talent, intellectual curiosity, and commitment to journalistic integrity make them an exceptionally promising candidate for this prestigious program.

I have had the privilege of knowing [CANDIDATE] as their academic advisor at [University/School Name] over the past [Duration - e.g., two years]. During that time, they have consistently impressed me with their dedication and exceptional abilities.  A particularly noteworthy accomplishment is their tenure as Editor-in-Chief of our school newspaper. In this role, [CANDIDATE] oversaw the production of twelve issues, demonstrating strong leadership skills and a clear understanding of journalistic principles – including editing, content management, and deadlines.

[CANDIDATE]’s creative writing talent has also been recognized through significant achievements. They were awarded first place in the National Scholastic Writing Awards, a testament",False
LTR_057,"[Your Department Letterhead]
[Date]

To Whom It May Concern,

It is with genuine enthusiasm that I recommend [CANDIDATE] [Last Name] for a competitive summer technology internship. Based on their demonstrated academic performance and practical skills development, I am confident they possess the aptitude and dedication to thrive in such an opportunity.

I have had the pleasure of knowing [CANDIDATE] as their Academic Advisor within the Computer Science department at [University Name]. During this time, they have consistently impressed me with their intellectual curiosity and commitment to learning. They have successfully completed two computer science courses, achieving a grade of A in both. This demonstrates not only a strong grasp of fundamental concepts but also an ability to apply them effectively.

Beyond coursework, [CANDIDATE] has proactively sought opportunities to expand their skillset. Notably, they independently developed a web application for tracking library book inventory, showcasing initiative and practical programming skills. Their dedication extends beyond personal projects; [CANDIDATE] generously volunteers their time tutoring peer students in Python, dedicating over 30 hours to assisting others – a testament to their patience, communication abilities, and genuine passion for computer science. Maintaining a cumulative GPA of 3.6 further underscores their overall academic excellence and commitment to their studies.

[CANDIDATE] possesses the foundational knowledge, practical",False
LTR_058,"[Your Name/Title]
[Your Institution]
[Your Email]
[Your Phone Number]
[Date]

To Whom It May Concern,

I am pleased to recommend [CANDIDATE] for your competitive summer technology internship program. Based on their academic record and demonstrated skills, I believe they possesses a strong foundation for success in a technical role. They has consistently excelled in their coursework, achieving an ""A"" grade in two computer science courses, indicating a solid grasp of fundamental concepts. Further demonstrating their aptitude, [CANDIDATE] independently developed a web application designed to track book inventory for a local library – a project that highlights both their coding ability and problem-solving skills.

Beyond their academic achievements, [CANDIDATE] maintains a commendable 3.6 cumulative GPA, reflecting their dedication and work ethic. They has also actively contributed to the learning environment by volunteering over thirty hours tutoring their peers in Python programming. This experience showcases not only their proficiency in the language but also their capacity for clear communication and mentorship – valuable assets in any collaborative technical setting.

In summary, [CANDIDATE]’s strong academic performance, practical project experience, and demonstrated commitment to helping others make them a highly promising candidate for your internship program. I am confident they would be a",False
LTR_059,"To Whom It May Concern,

I am writing to recommend [CANDIDATE] for your competitive summer technology internship program. [CANDIDATE] is a highly promising student who has demonstrated significant aptitude and dedication in computer science coursework. They have successfully completed two computer science courses, achieving an excellent grade of A in each. This academic performance, combined with their maintained 3.6 cumulative GPA, reflects a strong foundation in core computing principles and a commitment to rigorous study habits.

Beyond the classroom, [CANDIDATE] has actively applied their knowledge through practical projects. Notably, they independently developed a web application designed for local library book tracking, showcasing initiative and problem-solving skills relevant to software development. This project demonstrates an understanding of both front-end and back-end concepts, along with a desire to create solutions that benefit the community.

Finally, [CANDIDATE]'s commitment extends beyond their own learning; they have volunteered 30 hours tutoring peers in Python programming. This experience highlights their ability to communicate complex technical information effectively and mentor others – qualities valuable in collaborative work environments. I am confident that [CANDIDATE] possesses the skills and drive to excel within your internship program and would be a valuable asset to your team.",False
LTR_060,"To Whom It May Concern,

It is my distinct pleasure to recommend [CANDIDATE] for the National Young Authors Summer Institute. Their accomplishments demonstrate a remarkable combination of creative talent and disciplined work ethic that I believe would make them an invaluable addition to your program. Notably, [CANDIDATE] served as Editor-in-Chief of our school newspaper, successfully managing the production and publication of twelve issues. This leadership role required significant organizational skills, editorial judgment, and commitment to meeting deadlines – qualities essential for success in any intensive writing environment.

Beyond their dedication to journalistic pursuits, [CANDIDATE] possesses exceptional writing ability recognized through a First Place award in the National Scholastic Writing Awards. They consistently excel academically, maintaining a perfect 4.0 cumulative GPA while demonstrating particular strength in AP humanities courses. Further showcasing their intellectual curiosity and commitment to detail, [CANDIDATE] also completed an internship at our local historical society where they meticulously cataloged archival letters; this experience highlights a keen eye for accuracy and appreciation of nuanced storytelling.

In conclusion, [CANDIDATE]'s proven leadership, exceptional writing talent, academic excellence, and demonstrated dedication make them an ideal candidate for the National Young Authors Summer Institute. I am confident that they will thrive in your program and contribute meaningfully to the learning community. Please",False
